release_order	case_id	category	ecosystem	repo_count	repositories
1	ansible_automation_reports_metrics_service_e6fa7bc7aec0	bugfix	ansible	2	automation-reports, metrics-service
2	ansible_awx_dispatcherd_6056e1231c04	bugfix	ansible	2	awx, dispatcherd
3	ansible_awx_django_ansible_base_320b37c9fd51	feature	ansible	2	awx, django-ansible-base
4	ansible_django_ansible_base_jewel_9b9d317bd70a	bugfix	ansible	2	django-ansible-base, jewel
5	ansible_metrics_service_metrics_utility_ad5f5516dca0	feature	ansible	2	metrics-service, metrics-utility
6	apollographql_apollo_rs_router_5d0be62a688a	bugfix	apollographql	2	apollo-rs, router
7	django_asgiref_django_ce878fef1ed0	bugfix	django	2	asgiref, django
8	docker_actions_toolkit_bake_action_build_push_action_b58918c90001	feature	docker	3	actions-toolkit, bake-action, build-push-action
9	docker_actions_toolkit_metadata_action_8c65d8d37a2e	bugfix	docker	2	actions-toolkit, metadata-action
10	doctrine_doctrinemongodbbundle_mongodb_odm_persistence_4b8bd06bc1c5	feature	doctrine	3	DoctrineMongoDBBundle, mongodb-odm, persistence
11	dotnet_android_java_interop_8f49f22b1612	feature	dotnet	2	android, java-interop
12	dotnet_crank_diagnostics_89b6dd2c3afb	feature	dotnet	2	crank, diagnostics
13	dotnet_roslyn_roslyn_analyzers_58962ed4d289	bugfix	dotnet	2	roslyn, roslyn-analyzers
14	elastic_beats_cloud_on_k8s_7807f1ca05af	feature	elastic	2	beats, cloud-on-k8s
15	elastic_beats_elastic_agent_libs_caea539132d1	bugfix	elastic	2	beats, elastic-agent-libs
16	elastic_beats_integrations_7d6ebc81c77c	feature	elastic	2	beats, integrations
17	elastic_elastic_agent_fleet_server_6b3b072a9e2f	feature	elastic	2	elastic-agent, fleet-server
18	elastic_elastic_package_kibana_90b51a54dcde	feature	elastic	3	elastic-package, kibana, package-spec
19	elastic_elastic_transport_js_elasticsearch_js_b5a8200a9250	feature	elastic	2	elastic-transport-js, elasticsearch-js
20	elastic_elastic_transport_net_kibana_f176a87d6aaa	feature	elastic	2	elastic-transport-net, kibana
21	elastic_elasticsearch_js_kibana_2c333c534b80	bugfix	elastic	2	elasticsearch-js, kibana
22	elastic_elasticsearch_kibana_01310974ffe6	feature	elastic	2	elasticsearch, kibana
23	elastic_elasticsearch_kibana_be46d888e49f	bugfix	elastic	2	elasticsearch, kibana
24	elastic_elasticsearch_kibana_c12c4664dad1	feature	elastic	2	elasticsearch, kibana
25	elastic_elasticsearch_kibana_c9411c7b50e8	feature	elastic	2	elasticsearch, kibana
26	elastic_elasticsearch_kibana_d545faafec14	bugfix	elastic	2	elasticsearch, kibana
27	elastic_elasticsearch_kibana_d64c23936ecd	bugfix	elastic	2	elasticsearch, kibana
28	elastic_elasticsearch_kibana_f1db3c249d35	feature	elastic	2	elasticsearch, kibana
29	elastic_eui_kibana_0417e3dc07a3	feature	elastic	2	eui, kibana
30	elastic_eui_kibana_5d1f02596a0f	bugfix	elastic	2	eui, kibana
31	elastic_eui_kibana_a409bb9a7116	bugfix	elastic	2	eui, kibana
32	elastic_kibana_package_spec_264fe9f9020d	feature	elastic	2	kibana, package-spec
33	elastic_kibana_package_spec_6d8e6ac7b3a4	feature	elastic	2	kibana, package-spec
34	elastic_package_registry_package_spec_13d610054b4c	feature	elastic	2	package-registry, package-spec
35	electron_forge_update_electronjs_org_c9bbbeec3c9f	feature	electron	3	forge, update-electron-app, update.electronjs.org
36	expo_eas_cli_expo_0a2ebfcb0221	bugfix	expo	2	eas-cli, expo
37	expo_eas_cli_expo_73ff1270a757	feature	expo	2	eas-cli, expo
38	expo_expo_expo_mcp_22d065519f9a	feature	expo	2	expo, expo-mcp
39	flutter_flutter_packages_ba4543157c48	bugfix	flutter	2	flutter, packages
40	getsentry_cli_sentry_mcp_ac2dda831cbe	feature	getsentry	2	cli, sentry-mcp
41	getsentry_relay_sentry_c32abe62a9e3	feature	getsentry	2	relay, sentry
42	getsentry_sentry_cli_sentry_dart_plugin_bba43bc00fb9	bugfix	getsentry	2	sentry-cli, sentry-dart-plugin
43	getsentry_sentry_go_sentry_python_sentry_ruby_4085507dc55a	feature	getsentry	3	sentry-go, sentry-python, sentry-ruby
44	getsentry_sentry_go_sentry_python_sentry_ruby_7fb6ac3bff4e	feature	getsentry	3	sentry-go, sentry-python, sentry-ruby
45	getsentry_sentry_godot_sentry_native_9eb78fc734a5	bugfix	getsentry	2	sentry-godot, sentry-native
46	getsentry_sentry_javascript_bundler_plugins_sentry_react_native_701fa84fe330	feature	getsentry	2	sentry-javascript-bundler-plugins, sentry-react-native
47	getsentry_sentry_javascript_sentry_wizard_4b79b8b29874	feature	getsentry	2	sentry-javascript, sentry-wizard
48	getsentry_sentry_php_sentry_symfony_644beab4fee8	feature	getsentry	3	sentry-laravel, sentry-php, sentry-symfony
49	getsentry_sentry_php_sentry_symfony_cc627a7c9b0b	feature	getsentry	2	sentry-php, sentry-symfony
50	getsentry_sentry_python_sentry_ruby_102dddf76ba8	bugfix	getsentry	2	sentry-python, sentry-ruby
51	getsentry_sentry_sentry_cli_45620f037290	feature	getsentry	2	sentry, sentry-cli
52	getsentry_sentry_snuba_811c8706e249	bugfix	getsentry	2	sentry, snuba
53	getsentry_sentry_symbolicator_6ff581b566d2	feature	getsentry	3	rust-proguard, sentry, symbolicator
54	getsentry_sentry_taskbroker_aa1864a8febd	feature	getsentry	2	sentry, taskbroker
55	grpc_grpc_go_grpc_java_timeout_interop_0d0b76e12c8e_a17d5a29df9d	bugfix	grpc	2	grpc-go, grpc-java
56	home_assistant_core_supervisor_5ec0c95de28d	bugfix	home-assistant	2	core, supervisor
57	home_assistant_core_supervisor_7012a8e9bde2	bugfix	home-assistant	2	core, supervisor
58	huggingface_diffusers_peft_228aeaf4924e	bugfix	huggingface	2	diffusers, peft
59	huggingface_hf_csi_driver_hf_mount_c1fa2eab143e	feature	huggingface	2	hf-csi-driver, hf-mount
60	huggingface_huggingface_hub_xet_core_ca639219c2b5	feature	huggingface	2	huggingface_hub, xet-core
61	huggingface_transformers_transformers_js_351dbddfa3a8	feature	huggingface	2	transformers, transformers.js
62	ipfs_boxo_helia_7da5d4601ae4	bugfix	ipfs	2	boxo, helia
63	ipfs_boxo_kubo_4508fc5f72a1	bugfix	ipfs	2	boxo, kubo
64	ipfs_boxo_kubo_511d9bbf5b36	bugfix	ipfs	2	boxo, kubo
65	ipfs_boxo_kubo_75f413c3fb9f	bugfix	ipfs	2	boxo, kubo
66	ipfs_boxo_kubo_79abc9228a48	bugfix	ipfs	2	boxo, kubo
67	ipfs_boxo_kubo_97117932efd2	bugfix	ipfs	2	boxo, kubo
68	jenkinsci_mcp_server_plugin_warnings_ng_plugin_ff9a04d18a82	feature	jenkinsci	2	mcp-server-plugin, warnings-ng-plugin
69	kubernetes_autoscaler_kubernetes_ced4125b7730	bugfix	kubernetes	2	autoscaler, kubernetes
70	kubernetes_cloud_provider_aws_kops_b75c3552e425	bugfix	kubernetes	2	cloud-provider-aws, kops
71	kubernetes_kube_openapi_kubernetes_3ba39b608c20	feature	kubernetes	2	kube-openapi, kubernetes
72	langgenius_dify_graphon_98bb3070fc3a	feature	langgenius	2	dify, graphon
73	laravel_ai_mcp_3c12f99a9edf	bugfix	laravel	2	ai, mcp
74	laravel_boost_roster_ddab846862bf	feature	laravel	2	boost, roster
75	laravel_framework_mcp_f64214638c02	feature	laravel	2	framework, mcp
76	laravel_framework_nightwatch_1471639d50d8	feature	laravel	2	framework, nightwatch
77	laravel_ranger_wayfinder_da8302217ef2	bugfix	laravel	2	ranger, wayfinder
78	laravel_ranger_wayfinder_edeefe8ce0f9	bugfix	laravel	2	ranger, wayfinder
79	laravel_ranger_wayfinder_f568d3c78ed2	bugfix	laravel	2	ranger, wayfinder
80	mapbox_mcp_devkit_server_mcp_server_9b91dd7e7a54	bugfix	mapbox	2	mcp-devkit-server, mcp-server
81	mapbox_mcp_devkit_server_mcp_server_ca69b6fe7525	bugfix	mapbox	2	mcp-devkit-server, mcp-server
82	mongodb_django_mongodb_backend_libmongocrypt_ac5f60a8c306	feature	mongodb	2	django-mongodb-backend, libmongocrypt
83	mongodb_mongodbatlas_cloudformation_resources_terraform_provider_mongodbatlas_dc9616ecb793	bugfix	mongodb	2	mongodbatlas-cloudformation-resources, terraform-provider-mongodbatlas
84	mui_base_ui_material_ui_87e16da977ce	bugfix	mui	2	base-ui, material-ui
85	mui_base_ui_material_ui_c52fe433d4ec	bugfix	mui	2	base-ui, material-ui
86	nextcloud_calendar_cdav_library_6ef04924e127	feature	nextcloud	3	calendar, cdav-library, server
87	nextcloud_calendar_cdav_library_server_94d9fb52437f	feature	nextcloud	3	calendar, cdav-library, server
88	nextcloud_server_spreed_60fe1d053017	bugfix	nextcloud	2	server, spreed
89	nodejs_node_undici_d2a368f889d6	bugfix	nodejs	2	node, undici
90	nuxt_bridge_nuxt_beb978b83d6c	bugfix	nuxt	2	bridge, nuxt
91	paddlepaddle_paconvert_paddle_d3f5712cbcf6	feature	PaddlePaddle	2	PaConvert, Paddle
92	pingcap_ticdc_tiflow_5fcc6bc637ae	bugfix	pingcap	2	ticdc, tiflow
93	pingcap_tidb_tiflow_d9b136e872c2	bugfix	pingcap	2	tidb, tiflow
94	prettier_prettier_yaml_unist_parser_783b01db77e9	feature	prettier	2	prettier, yaml-unist-parser
95	prisma_prisma_prisma_engines_a2fd903b2a40	feature	prisma	2	prisma, prisma-engines
96	projectdiscovery_dnsx_utils_ae3ee347579a	feature	projectdiscovery	2	dnsx, utils
97	projectdiscovery_nuclei_utils_aa8fcd73e5a8	bugfix	projectdiscovery	2	nuclei, utils
98	prometheus_opentelemetry_collector_bridge_prometheus_opentelemetry_collector_0afb6616d4c3	feature	prometheus	3	opentelemetry-collector-bridge, prometheus-opentelemetry-collector, stackdriver_exporter
99	pypa_packaging_pyproject_metadata_648870d11fe5	feature	pypa	2	packaging, pyproject-metadata
100	pytorch_rl_tensordict_12a98d4daef1	feature	pytorch	2	rl, tensordict
101	rails_bootsnap_rails_faef8fbe7ee8	feature	rails	2	bootsnap, rails
102	rails_jbuilder_rails_c55c6f409dc4	bugfix	rails	2	jbuilder, rails
103	rails_propshaft_rails_5702428fb26b	bugfix	rails	2	propshaft, rails
104	redis_jedis_redis_87d94ea7e2d2	feature	redis	2	jedis, redis
105	rust_lang_cargo_rust_62f897b2ca20	bugfix	rust-lang	2	cargo, rust
106	rust_lang_cargo_rustup_983bca136493	bugfix	rust-lang	2	cargo, rustup
107	storybookjs_mcp_storybook_365af0fa39df	feature	storybookjs	2	mcp, storybook
108	storybookjs_mcp_storybook_ef32abdd2d6c	bugfix	storybookjs	2	mcp, storybook
109	sveltejs_esrap_svelte_4161e71a0191	feature	sveltejs	2	esrap, svelte
110	sveltejs_kit_svelte_03c35cb2775b	bugfix	sveltejs	2	kit, svelte
111	sveltejs_kit_svelte_91ed3af473de	bugfix	sveltejs	2	kit, svelte
112	sveltejs_kit_svelte_c7cd6e46527d	bugfix	sveltejs	2	kit, svelte
113	sveltejs_kit_svelte_fc92e67150da	bugfix	sveltejs	2	kit, svelte
114	swagger_api_swagger_js_swagger_ui_f6dabca1247a	bugfix	swagger-api	2	swagger-js, swagger-ui
115	symfony_monolog_bundle_symfony_1328369316db	bugfix	symfony	2	monolog-bundle, symfony
116	symfony_php_ext_deepclone_polyfill_6761dd5e6786	feature	symfony	2	php-ext-deepclone, polyfill
117	symfony_php_ext_deepclone_polyfill_9b724e5f918d	bugfix	symfony	2	php-ext-deepclone, polyfill
118	symfony_php_ext_deepclone_polyfill_symfony_668e3f27dd09	feature	symfony	3	php-ext-deepclone, polyfill, symfony
119	symfony_symfony_ux_9cfba5a7ef9f	feature	symfony	3	symfony, ux, Twig
120	vuejs_core_language_tools_83dc40e0a7e7	bugfix	vuejs	2	core, language-tools
